<?xml version="1.0" encoding="UTF-8"?>
<project-private xmlns="http://www.netbeans.org/ns/project-private/1">
    <editor-bookmarks xmlns="http://www.netbeans.org/ns/editor-bookmarks/2" lastBookmarkId="0"/>
    <open-files xmlns="http://www.netbeans.org/ns/projectui-open-files/2">
        <group>
            <file>file:/C:/Users/USER/OneDrive/Desktop/MER'SE/MER'SE/src/java/controller/AdmissionPage.java</file>
            <file>file:/C:/Users/USER/OneDrive/Desktop/MER'SE/MER'SE/src/java/controller/JavaMail.java</file>
            <file>file:/C:/Users/USER/OneDrive/Desktop/MER'SE/MER'SE/web/css/login.css</file>
            <file>file:/C:/Users/USER/OneDrive/Desktop/MER'SE/MER'SE/web/admissionpage.html</file>
            <file>file:/C:/Users/USER/OneDrive/Desktop/MER'SE/MER'SE/src/java/service/StudentService.java</file>
            <file>file:/C:/Users/USER/OneDrive/Desktop/MER'SE/MER'SE/web/css/admissionpage.css</file>
            <file>file:/C:/Users/USER/OneDrive/Desktop/MER'SE/MER'SE/web/css/signup.css</file>
            <file>file:/C:/Users/USER/OneDrive/Desktop/MER'SE/MER'SE/web/login.html</file>
            <file>file:/C:/Users/USER/OneDrive/Desktop/MER'SE/MER'SE/web/signup.html</file>
            <file>file:/C:/Users/USER/OneDrive/Desktop/MER'SE/MER'SE/src/java/controller/LoginFilter.java</file>
        </group>
    </open-files>
</project-private>
